{
  "Baseline": {
    "recall": {
      "1": [
        0.0,
        0.0
      ],
      "3": [
        0.0,
        0.0
      ],
      "5": [
        0.0,
        0.0
      ],
      "10": [
        0.0,
        0.0
      ]
    },
    "faithfulness": [
      0.0,
      0.0
    ],
    "relevance": [
      0.0,
      0.0
    ],
    "accuracy": 1.0,
    "f1": 1.0
  },
  "RAG2": {
    "recall": {
      "1": [
        0.0,
        0.0
      ],
      "3": [
        0.0,
        0.0
      ],
      "5": [
        0.0,
        0.0
      ],
      "10": [
        0.0,
        0.0
      ]
    },
    "faithfulness": [
      0.0,
      0.0
    ],
    "relevance": [
      0.0,
      0.0
    ],
    "accuracy": 1.0,
    "f1": 1.0
  },
  "DER": {
    "recall": {
      "1": [
        1.0,
        0.0
      ],
      "3": [
        1.0,
        0.0
      ],
      "5": [
        1.0,
        0.0
      ],
      "10": [
        1.0,
        0.0
      ]
    },
    "faithfulness": [
      0.0,
      0.0
    ],
    "relevance": [
      0.7347723402145754,
      0.0852139325305228
    ],
    "accuracy": 1.0,
    "f1": 1.0
  },
  "Hybrid": {
    "recall": {
      "1": [
        1.0,
        0.0
      ],
      "3": [
        1.0,
        0.0
      ],
      "5": [
        1.0,
        0.0
      ],
      "10": [
        1.0,
        0.0
      ]
    },
    "faithfulness": [
      0.0,
      0.0
    ],
    "relevance": [
      0.7144750208855472,
      0.06390157131950068
    ],
    "accuracy": 1.0,
    "f1": 1.0
  },
  "IMEDRAG": {
    "recall": {
      "1": [
        1.0,
        0.0
      ],
      "3": [
        1.0,
        0.0
      ],
      "5": [
        1.0,
        0.0
      ],
      "10": [
        1.0,
        0.0
      ]
    },
    "faithfulness": [
      0.0,
      0.0
    ],
    "relevance": [
      0.7196156299840512,
      0.059291657950832875
    ],
    "accuracy": 1.0,
    "f1": 1.0
  }
}