{
  "Baseline": {
    "recall_at_k": {
      "@1": [
        1.0,
        0.0
      ],
      "@3": [
        1.0,
        0.0
      ],
      "@5": [
        1.0,
        0.0
      ],
      "@10": [
        1.0,
        0.0
      ]
    },
    "meansim_at_k": {
      "@1": [
        0.9145208656787872,
        0.015511190649962139
      ],
      "@3": [
        0.9145208656787872,
        0.015511190649962139
      ],
      "@5": [
        0.9145208656787872,
        0.015511190649962139
      ],
      "@10": [
        0.9145208656787872,
        0.015511190649962139
      ]
    },
    "context_stats": {
      "n_flat": 0,
      "n_split": 0,
      "n_proxy": 50,
      "support_mean_sim": null,
      "differential_mean_sim": null
    }
  },
  "Rag0": {
    "recall_at_k": {
      "@1": [
        1.0,
        0.0
      ],
      "@3": [
        1.0,
        0.0
      ],
      "@5": [
        1.0,
        0.0
      ],
      "@10": [
        1.0,
        0.0
      ]
    },
    "meansim_at_k": {
      "@1": [
        0.9419668018817902,
        0.016281668247026957
      ],
      "@3": [
        0.9377263963222504,
        0.013852740261713483
      ],
      "@5": [
        0.9377629637718201,
        0.010752237599762295
      ],
      "@10": [
        0.9344656586647033,
        0.007407362238247851
      ]
    },
    "context_stats": {
      "n_flat": 50,
      "n_split": 0,
      "n_proxy": 0,
      "support_mean_sim": null,
      "differential_mean_sim": null
    }
  },
  "RAG2": {
    "recall_at_k": {
      "@1": [
        1.0,
        0.0
      ],
      "@3": [
        1.0,
        0.0
      ],
      "@5": [
        1.0,
        0.0
      ],
      "@10": [
        1.0,
        0.0
      ]
    },
    "meansim_at_k": {
      "@1": [
        0.9471325731277466,
        0.009768201524351212
      ],
      "@3": [
        0.9456072926521302,
        0.007752586671016645
      ],
      "@5": [
        0.9439305365085602,
        0.0057202097195145326
      ],
      "@10": [
        0.940642945766449,
        0.004885943588555164
      ]
    },
    "context_stats": {
      "n_flat": 50,
      "n_split": 0,
      "n_proxy": 0,
      "support_mean_sim": null,
      "differential_mean_sim": null
    }
  },
  "DER": {
    "recall_at_k": {
      "@1": [
        1.0,
        0.0
      ],
      "@3": [
        1.0,
        0.0
      ],
      "@5": [
        1.0,
        0.0
      ],
      "@10": [
        1.0,
        0.0
      ]
    },
    "meansim_at_k": {
      "@1": [
        0.965367567539215,
        0.020853606244247574
      ],
      "@3": [
        0.9655340206623078,
        0.019235217470027908
      ],
      "@5": [
        0.9624796974658966,
        0.017730932254491186
      ],
      "@10": [
        0.9585333979129791,
        0.01618430044545975
      ]
    },
    "context_stats": {
      "n_flat": 0,
      "n_split": 50,
      "n_proxy": 0,
      "support_mean_sim": 0.9585,
      "differential_mean_sim": 0.9543
    }
  },
  "Hybrid": {
    "recall_at_k": {
      "@1": [
        1.0,
        0.0
      ],
      "@3": [
        1.0,
        0.0
      ],
      "@5": [
        1.0,
        0.0
      ],
      "@10": [
        1.0,
        0.0
      ]
    },
    "meansim_at_k": {
      "@1": [
        0.9692722260951996,
        0.0098803702050216
      ],
      "@3": [
        0.9664728152751922,
        0.007320013070025562
      ],
      "@5": [
        0.9644783926010132,
        0.0055584194845092845
      ],
      "@10": [
        0.9590926361083985,
        0.005686442619017378
      ]
    },
    "context_stats": {
      "n_flat": 0,
      "n_split": 50,
      "n_proxy": 0,
      "support_mean_sim": 0.9589,
      "differential_mean_sim": 0.9508
    }
  },
  "Synaura": {
    "recall_at_k": {
      "@1": [
        1.0,
        0.0
      ],
      "@3": [
        1.0,
        0.0
      ],
      "@5": [
        1.0,
        0.0
      ],
      "@10": [
        1.0,
        0.0
      ]
    },
    "meansim_at_k": {
      "@1": [
        0.9685790431499481,
        0.009707892415712885
      ],
      "@3": [
        0.9661530220508575,
        0.007242953144073733
      ],
      "@5": [
        0.964360933303833,
        0.005565805423161017
      ],
      "@10": [
        0.9590070676803589,
        0.005674966399033976
      ]
    },
    "context_stats": {
      "n_flat": 0,
      "n_split": 50,
      "n_proxy": 0,
      "support_mean_sim": 0.9586,
      "differential_mean_sim": 0.9509
    }
  }
}